Variable,Min,Q25,Mean,Median,Q75,Max,Observations,Missing
search_trends_anxiety,5.5,7.17,7.736588235294118,7.79,8.29,10.9,986,5
new_persons_vaccinated,4534,371081,782266.6235294117,798390,1157564,2005480,641,350
new_hospitalized_patients,4332,7275,11591.658823529411,12988,15247,18104,977,14
new_confirmed,39828,69225,144309.41176470587,147277,200308,286196,988,3
new_intensive_care_patients,22,84,141.83529411764707,141,186,279,419,572
date,18609,18630,18651,18651,18672,18693,991,0
