n_input_variables,RSQ,RSS,ADJ.R2
1,0.3213248489567897,16.716520360540088,0.3043579701807094
2,0.3285177488237462,16.53935127324924,0.2940827615839383
3,0.35619799628533666,15.857556132282003,0.30537152230786324
4,0.3752592435149331,15.388056509493325,0.30771970227330425
5,0.37535457306131625,15.385708437222481,0.2885982637642769
