RMSPE,R_square
0.6589689002036817,0.35619799628536836
