term,estimate,std.error,statistic,p.value
(Intercept),337.11615918114035,257.99243542022305,1.3066900920255242,0.1991711758363591
new_persons_vaccinated,1.1578706913360203e-6,3.2502274276318174e-7,3.5624297595066103,0.0010092993572740046
new_hospitalized_patients,-9.112392599108965e-5,6.368274595268418e-5,-1.4309044722850688,0.16063040651740515
date,-0.01764552372136747,0.013804921210149902,-1.278205319157766,0.2089296916589825
